latitude (deg),longitude (deg),altitude (m)
41.56972353,2.261056425,0
41.56969322,2.261030469,0
41.56962758,2.260972897,0
41.56956079,2.260915906,0
41.56951593,2.260880338,0
41.56945398,2.260833111,0
41.56939506,2.260774293,0
41.56932833,2.260727114,0
41.56924748,2.26065585,0
41.56915486,2.260580038,0
41.569089,2.260522283,0
41.56901678,2.260456517,0
41.56893054,2.26038833,0
41.56883754,2.260314922,0
41.56874485,2.260227087,0
41.56863075,2.260130073,0
41.56850006,2.260021089,0
41.56838922,2.259932712,0
41.56824948,2.2598185,0
41.56805906,2.259657572,0
41.56795527,2.259574736,0
41.56786579,2.259487003,0
41.56776444,2.259412082,0
41.56764953,2.259304656,0
41.56753545,2.259213488,0
41.56739557,2.259100103,0
41.56724441,2.258970989,0
41.5670788,2.258828767,0
41.56689459,2.258683737,0
41.56676445,2.258570373,0
41.56659254,2.258416694,0
41.56642428,2.258270826,0
41.56628937,2.258172075,0
41.56617768,2.25807388,0
41.5660524,2.257974524,0
41.56595069,2.257891492,0
41.56582853,2.257784656,0
41.56571877,2.257684014,0
41.56566324,2.257642554,0
41.56560407,2.257594464,0
41.56554386,2.257545583,0
41.56547942,2.257484798,0
41.56541704,2.257435214,0
41.56537513,2.257401129,0
41.5653263,2.257359656,0
41.56528455,2.257328965,0
41.56524216,2.257293067,0
41.56520214,2.257262469,0
41.5651699,2.257236513,0
41.56513257,2.257205276,0
41.56509044,2.257168854,0
41.56505379,2.257137802,0
41.56501288,2.257104746,0
41.56497135,2.257068092,0
41.56492348,2.257030905,0
41.56486873,2.256985136,0
41.56483015,2.256945315,0
41.56478251,2.256907926,0
41.56474426,2.256874432,0
41.56471388,2.256836454,0
41.56467764,2.256784028,0
41.56464608,2.256730514,0
41.56461694,2.256660405,0
41.5646097,2.25662555,0
41.56459901,2.256600147,0
41.56459212,2.25656677,0
41.56458505,2.256536996,0
41.56458206,2.256497668,0
41.56457565,2.256465609,0
41.56457181,2.256427177,0
41.564574,2.256391207,0
41.56457284,2.256353515,0
41.56458317,2.256319902,0
41.56459,2.256287932,0
41.56459596,2.256258206,0
41.56460138,2.256220902,0
41.56461394,2.25619158,0
41.56462673,2.256160602,0
41.56463814,2.256126437,0
41.56465193,2.256090893,0
41.56466699,2.256065539,0
41.56468372,2.256023871,0
41.564702,2.255993033,0
41.56471952,2.2559539,0
41.56473446,2.255917301,0
41.56475146,2.255884987,0
41.56476618,2.255849907,0
41.56477902,2.255822823,0
41.56479526,2.2557946,0
41.56480679,2.255766363,0
41.56481354,2.255737838,0
41.56482189,2.255702547,0
41.56482892,2.255672131,0
41.56483457,2.255641912,0
41.56484054,2.25561158,0
41.56484138,2.255578453,0
41.56484763,2.255547588,0
41.56484575,2.255514563,0
41.564845,2.255485328,0
41.56484677,2.25545444,0
41.56484569,2.255427521,0
41.5648424,2.255391109,0
41.56483668,2.255349908,0
41.56483052,2.255312906,0
41.56481834,2.255274874,0
41.56480649,2.255234488,0
41.5647957,2.255200276,0
41.56477397,2.255154081,0
41.5647544,2.255111224,0
41.56473153,2.255070718,0
41.564702,2.255012811,0
41.56466782,2.25495244,0
41.56463289,2.254899994,0
41.56459733,2.254835608,0
41.56456167,2.254767358,0
41.56452104,2.25468281,0
41.56448071,2.254617116,0
41.56443914,2.254539151,0
41.56439903,2.254468343,0
41.56436676,2.254418278,0
41.56434357,2.254354758,0
41.56430718,2.254293023,0
41.56427886,2.254226099,0
41.56425277,2.254160639,0
41.56421463,2.254058381,0
41.56418971,2.253951441,0
41.56416968,2.253847355,0
41.56415919,2.253781966,0
41.5641506,2.253711259,0
41.56414944,2.253649835,0
41.56415054,2.253590446,0
41.56413356,2.253503318,0
41.5641404,2.253461898,0
41.56413588,2.253414025,0
41.56413635,2.253372454,0
41.56413898,2.253329748,0
41.56413963,2.253278772,0
41.56415408,2.253241204,0
41.56416599,2.253203643,0
41.56417852,2.253149098,0
41.56419494,2.253103643,0
41.56420732,2.25304333,0
41.56421961,2.252997906,0
41.5642407,2.252946421,0
41.56426163,2.252887557,0
41.5642841,2.252843964,0
41.56430391,2.252785645,0
41.56432122,2.252733897,0
41.56433779,2.252685787,0
41.56437028,2.25266348,0
41.56439687,2.252617496,0
41.56442218,2.252585446,0
41.56443674,2.252544915,0
41.56447141,2.25251801,0
41.56449153,2.252490618,0
41.56451512,2.252471252,0
41.56453847,2.252446181,0
41.56455441,2.252421254,0
41.56456929,2.252394173,0
41.56459131,2.252380008,0
41.5646112,2.252356958,0
41.56463013,2.252339782,0
41.56465178,2.252325079,0
41.5646821,2.252302165,0
41.56470011,2.252290272,0
41.56471894,2.252276299,0
41.56474311,2.252262698,0
41.56476872,2.252246337,0
41.56479941,2.2522261,0
41.5648235,2.25220993,0
41.56484878,2.252198846,0
41.56487477,2.252184623,0
41.56490528,2.252173006,0
41.56493207,2.252161678,0
41.56496107,2.252153872,0
41.56499311,2.252140024,0
41.56501468,2.252128802,0
41.56504258,2.252120184,0
41.56507093,2.252111827,0
41.56509984,2.252100918,0
41.56513188,2.252097696,0
41.56515417,2.252086537,0
41.56518523,2.252086743,0
41.5652133,2.252077904,0
41.56524637,2.252077639,0
41.5652695,2.252075075,0
41.56529184,2.252072353,0
41.56531166,2.25206953,0
41.56533292,2.252068773,0
41.56536804,2.252072025,0
41.56540365,2.25207335,0
41.56543113,2.252071623,0
41.56546821,2.252075662,0
41.56549322,2.252076131,0
41.56552433,2.252078896,0
41.56555878,2.252083608,0
41.56559613,2.252089006,0
41.56563974,2.252095596,0
41.56567919,2.252105174,0
41.5657253,2.252116943,0
41.56575168,2.252118561,0
41.56578732,2.252127801,0
41.56582608,2.252139969,0
41.56584628,2.252148378,0
41.56586621,2.252155959,0
41.56589258,2.252162023,0
41.56591855,2.252171327,0
41.56594528,2.252180705,0
41.56596688,2.252190487,0
41.56598643,2.252194439,0
41.56600771,2.252207344,0
41.56602849,2.252215635,0
41.56604714,2.252221742,0
41.56607046,2.252232015,0
41.56609056,2.25224096,0
41.56610903,2.252249705,0
41.56612469,2.252256395,0
41.56614131,2.252266504,0
41.56615979,2.252275336,0
41.56618541,2.252291043,0
41.56620752,2.252300618,0
41.56622812,2.252311727,0
41.56624617,2.252321113,0
41.56626236,2.25233075,0
41.56628082,2.252342292,0
41.56629926,2.252353961,0
41.56631518,2.25236582,0
41.5663319,2.252378996,0
41.56634857,2.252387049,0
41.56636333,2.252398192,0
41.56638001,2.252410297,0
41.56639865,2.252421744,0
41.56641062,2.252431417,0
41.56642291,2.252439113,0
41.56643456,2.252447495,0
41.56644777,2.25245879,0
41.5664615,2.25246841,0
41.56648793,2.252492613,0
41.56651035,2.252508787,0
41.56653059,2.252527732,0
41.56655272,2.252547207,0
41.5665761,2.252566218,0
41.56659708,2.252583227,0
41.56661701,2.252597852,0
41.56663952,2.252618442,0
41.56665801,2.252633784,0
41.56667475,2.252649531,0
41.56668936,2.25266188,0
41.5667023,2.252671856,0
41.56671671,2.252683879,0
41.56674472,2.252705538,0
41.56677739,2.25273392,0
41.56681336,2.252765915,0
41.56684176,2.252787997,0
41.56687254,2.252818945,0
41.56689141,2.252832688,0
41.56691096,2.252848365,0
41.56693072,2.252866154,0
41.56695146,2.252883508,0
41.56698273,2.252909459,0
41.5670114,2.252932496,0
41.56704268,2.252958872,0
41.56706542,2.2529812,0
41.56709849,2.253003748,0
41.56711911,2.253022456,0
41.56714259,2.253041509,0
41.5671674,2.253063211,0
41.56720873,2.253097206,0
41.56723616,2.253123153,0
41.5672663,2.253146914,0
41.56729203,2.253168427,0
41.56732657,2.25319931,0
41.56735113,2.253218699,0
41.56737699,2.253237054,0
41.56739966,2.253256488,0
41.5674207,2.253277353,0
41.56744612,2.253296723,0
41.56748688,2.253330765,0
41.56751392,2.253352053,0
41.56754536,2.253377076,0
41.56757233,2.253401796,0
41.56759659,2.253425346,0
41.56762087,2.25344251,0
41.5676398,2.253458117,0
41.5676591,2.253474268,0
41.56767616,2.25349014,0
41.56769318,2.253506023,0
41.56771054,2.253519655,0
41.56772805,2.253532679,0
41.56773941,2.253544358,0
41.56775565,2.253556079,0
41.56776922,2.253568203,0
41.56793871,2.253712324,0
41.5679631,2.253731189,0
41.56799153,2.253756653,0
41.56801368,2.253773321,0
41.56803701,2.253795205,0
41.56805828,2.253811378,0
41.56808097,2.253832763,0
41.5681097,2.25385721,0
41.56813537,2.253877282,0
41.56815992,2.253899851,0
41.56819155,2.253924195,0
41.56821058,2.25393852,0
41.56823145,2.253954794,0
41.56825516,2.253975483,0
41.56827762,2.253998909,0
41.5683021,2.254025461,0
41.56832317,2.254048539,0
41.56833872,2.254069595,0
41.56835117,2.254091251,0
41.56836733,2.254114916,0
41.56838231,2.254141712,0
41.56839733,2.254168942,0
41.56841135,2.254194606,0
41.56841825,2.254212903,0
41.56842853,2.254237361,0
41.56843623,2.254257568,0
41.56844055,2.254271192,0
41.56844984,2.254291519,0
41.56845747,2.25431574,0
41.56846411,2.254347484,0
41.56846754,2.25436788,0
41.5684731,2.254389725,0
41.56847526,2.254406445,0
41.56847675,2.254425311,0
41.56847804,2.254436162,0
41.56848202,2.254450581,0
41.56848801,2.254471357,0
41.56848908,2.254481421,0
41.56848953,2.254504728,0
41.56848959,2.254525137,0
41.56849117,2.254544142,0
41.56848814,2.254560313,0
41.5684903,2.254588271,0
41.56848736,2.254613585,0
41.56848747,2.254639293,0
41.56848431,2.254660344,0
41.5684839,2.254692336,0
41.56848068,2.254723394,0
41.56847432,2.254750775,0
41.56846821,2.25477883,0
41.56846203,2.254811408,0
41.56845398,2.254837215,0
41.56844766,2.254860406,0
41.56844089,2.254879697,0
41.5684306,2.254906724,0
41.56842091,2.254933315,0
41.56840657,2.254961395,0
41.56839168,2.254987741,0
41.5683778,2.255024328,0
41.56836369,2.255051212,0
41.56835028,2.255069056,0
41.56833406,2.255085037,0
41.56832183,2.255112602,0
41.5683073,2.255133298,0
41.56828964,2.25516146,0
41.56827616,2.255177742,0
41.5682573,2.255201462,0
41.56823959,2.255216686,0
41.56822806,2.255236772,0
41.56820993,2.255245552,0
41.56819201,2.255267054,0
41.56816479,2.255282117,0
41.56815018,2.255299332,0
41.56812453,2.255318295,0
41.56810425,2.255332751,0
41.56807915,2.255348836,0
41.56805791,2.255363004,0
41.56803715,2.255379122,0
41.56801293,2.255386957,0
41.56798393,2.255398047,0
41.56796456,2.25540241,0
41.56794574,2.255413379,0
41.56792568,2.255415381,0
41.56790592,2.255423275,0
41.56788655,2.255424687,0
41.56786941,2.255434683,0
41.56784231,2.255439388,0
41.56781919,2.25543792,0
41.56779065,2.255440736,0
41.56776089,2.255448886,0
41.56773855,2.255449774,0
41.56770916,2.255452282,0
41.56767365,2.255452583,0
41.56765291,2.255455977,0
41.56762199,2.255453019,0
41.56760065,2.255450684,0
41.56756878,2.255447454,0
41.5675354,2.255439253,0
41.5675028,2.255433616,0
41.56746781,2.255422491,0
41.56743339,2.255412172,0
41.56739123,2.25540094,0
41.56735188,2.255377202,0
41.56729291,2.255359187,0
41.56725767,2.255332798,0
41.56721691,2.255318909,0
41.56718848,2.255301407,0
41.56714996,2.255270695,0
41.5670978,2.255232352,0
41.56707065,2.255208568,0
41.56704841,2.255186751,0
41.5670256,2.255167731,0
41.56700071,2.255149898,0
41.56697323,2.255126533,0
41.56694714,2.255104553,0
41.56691677,2.255079581,0
41.56689233,2.255059,0
41.5668663,2.255038286,0
41.56683879,2.255011851,0
41.56680783,2.254983818,0
41.5667618,2.254952631,0
41.56674618,2.254935056,0
41.56672501,2.254914781,0
41.56669933,2.254892937,0
41.56667121,2.254868279,0
41.56664637,2.254850296,0
41.56662374,2.254827728,0
41.56659893,2.254807771,0
41.56657149,2.254784178,0
41.56654218,2.254763121,0
41.56651414,2.254741134,0
41.56648398,2.254711081,0
41.56645305,2.254685472,0
41.56642,2.254655106,0
41.56638492,2.254628931,0
41.56634691,2.254591889,0
41.56629578,2.254551222,0
41.56624398,2.254508561,0
41.56619952,2.254470801,0
41.56615781,2.25443076,0
41.56608118,2.2543664,0
41.56603999,2.254338494,0
41.56601626,2.254313971,0
41.56598934,2.254293193,0
41.56596473,2.254271944,0
41.56593644,2.254246289,0
41.5659127,2.254225822,0
41.56588579,2.254203561,0
41.56586443,2.2541836,0
41.56583121,2.254158871,0
41.56580389,2.254132798,0
41.56577834,2.254112345,0
41.56575671,2.254094983,0
41.56572905,2.254077123,0
41.56570417,2.254063294,0
41.56567823,2.254053151,0
41.5656473,2.254050577,0
41.5656262,2.254048093,0
41.56562559,2.254047724,0
41.56561511,2.254043951,0
41.56559941,2.254049855,0
41.56558912,2.254050267,0
41.56557058,2.25405617,0
41.56555705,2.254056739,0
41.56553968,2.2540609,0
41.5655278,2.254069726,0
41.56551174,2.254078221,0
41.56549995,2.254087163,0
41.56548587,2.254096111,0
41.56547589,2.254109305,0
41.56546447,2.254122205,0
41.56545397,2.254135074,0
41.56544543,2.254145395,0
41.56543171,2.25416129,0
41.56542595,2.254177279,0
41.56541757,2.254191152,0
41.5654107,2.254209945,0
41.56540041,2.254219361,0
41.56539137,2.25423799,0
41.56537914,2.254254639,0
41.56537751,2.254273044,0
41.56537395,2.254288323,0
41.56537009,2.254306912,0
41.56536797,2.254323236,0
41.56536276,2.25434151,0
41.56536074,2.254355042,0
41.56535903,2.254374773,0
41.56535961,2.254392089,0
41.56535664,2.254409139,0
41.56535871,2.254421527,0
41.5653601,2.254435332,0
41.56535877,2.254446489,0
41.56536041,2.254458559,0
41.56536106,2.254467705,0
41.56536159,2.254481554,0
41.56536295,2.254494336,0
41.5653659,2.254508614,0
41.56536746,2.254518525,0
41.56537019,2.254529983,0
41.56537777,2.254540932,0
41.56538211,2.254554984,0
41.56539264,2.254583103,0
41.5654029,2.254611003,0
41.56540977,2.254635434,0
41.56541844,2.254659867,0
41.5654275,2.254684402,0
41.56543515,2.254709817,0
41.56544268,2.254737056,0
41.56545076,2.254763006,0
41.56546039,2.254787234,0
41.56546741,2.254808442,0
41.56547463,2.254826127,0
41.56547651,2.254842792,0
41.56548645,2.25486722,0
41.56549201,2.254882249,0
41.56549835,2.254898211,0
41.56550424,2.254919378,0
41.56550929,2.254932937,0
41.56551401,2.254948551,0
41.56551857,2.254961307,0
41.56552149,2.254976977,0
41.56552955,2.254991863,0
41.56553443,2.255011441,0
41.56554096,2.255028892,0
41.56554634,2.255041809,0
41.56555006,2.255051434,0
41.56555749,2.255081501,0
41.5655689,2.255114954,0
41.56558265,2.255153714,0
41.56559627,2.255190287,0
41.56560804,2.255227982,0
41.56562295,2.255266253,0
41.5656354,2.255305067,0
41.56564596,2.255334519,0
41.56565407,2.255356465,0
41.56566207,2.255377918,0
41.56566741,2.255399184,0
41.56567453,2.255424466,0
41.56568357,2.255449853,0
41.56569527,2.255481071,0
41.56570662,2.255506929,0
41.56571094,2.255528508,0
41.56571884,2.255546014,0
41.56572474,2.255569687,0
41.56572742,2.255590808,0
41.56573553,2.25560764,0
41.56574372,2.255628219,0
41.56574879,2.255647778,0
41.56575703,2.255666649,0
41.5657623,2.255682309,0
41.56576899,2.255702928,0
41.5657753,2.255721806,0
41.56578079,2.255739527,0
41.56578838,2.25576261,0
41.56579568,2.255784656,0
41.56580327,2.255806801,0
41.56581159,2.255827617,0
41.56581936,2.255849587,0
41.5658258,2.255869646,0
41.56583032,2.255889105,0
41.56583459,2.255906475,0
41.56584221,2.255924443,0
41.56584928,2.25594114,0
41.56585406,2.255956858,0
41.56586016,2.25597043,0
41.5658638,2.255985389,0
41.56586844,2.255996892,0
41.56589475,2.25606891,0
41.56590253,2.256086313,0
41.56590811,2.256106484,0
41.56591707,2.256123404,0
41.56592211,2.256134766,0
41.56592516,2.256150098,0
41.56592801,2.256157888,0
41.56593496,2.256169683,0
41.56593972,2.256182702,0
41.56596175,2.256231044,0
41.56597748,2.256267018,0
41.56598948,2.25629853,0
41.56600952,2.25633878,0
41.5660287,2.256377022,0
41.56604714,2.256409204,0
41.56606546,2.256448327,0
41.56608475,2.256475332,0
41.56610298,2.256507011,0
41.56611444,2.256531344,0
41.56613256,2.256557168,0
41.56614311,2.256575314,0
41.56615459,2.25659821,0
41.56617061,2.256618735,0
41.56618065,2.256635069,0
41.56619221,2.256656627,0
41.56620438,2.256675746,0
41.56621429,2.256687458,0
41.56622586,2.256702944,0
41.56623866,2.256718263,0
41.56624786,2.256732183,0
41.5662739,2.256763171,0
41.5662934,2.256796775,0
41.56631942,2.256828461,0
41.56634071,2.256852943,0
41.56636654,2.256884315,0
41.56639576,2.25692051,0
41.56642034,2.256943837,0
41.56644475,2.256971372,0
41.56646172,2.256991157,0
41.56648517,2.257013215,0
41.56650249,2.257028222,0
41.56651483,2.257041592,0
41.56654354,2.257066004,0
41.56656994,2.257092857,0
41.5665925,2.257111761,0
41.56661571,2.257131882,0
41.56663886,2.257150666,0
41.56666069,2.257170981,0
41.56668248,2.257189915,0
41.56670285,2.25720576,0
41.56674112,2.257240439,0
41.56677852,2.257274941,0
41.56681042,2.257297519,0
41.56683665,2.257319885,0
41.56685829,2.257340226,0
41.56688344,2.257362159,0
41.56690316,2.257378293,0
41.56692407,2.257397126,0
41.56694283,2.257413815,0
41.56695805,2.257427361,0
41.56697167,2.25743872,0
41.56699283,2.257457524,0
41.56700921,2.257470156,0
41.56702516,2.257483631,0
41.56703863,2.257496291,0
41.56705288,2.257507782,0
41.56706255,2.257515365,0
41.56707092,2.257523227,0
41.56707775,2.257527993,0
41.5670864,2.257535439,0
41.5670946,2.257541724,0
41.5671015,2.257548701,0
41.56712682,2.25756913,0
41.56713908,2.257579733,0
41.56715652,2.257593451,0
41.56716922,2.257606262,0
41.56718529,2.257619498,0
41.56719494,2.257626502,0
41.56720349,2.25763363,0
41.56721212,2.257641286,0
41.56722201,2.257649807,0
41.56723367,2.25765989,0
41.5672429,2.257665371,0
41.56725366,2.25767596,0
41.56726513,2.257682207,0
41.56727643,2.257691325,0
41.56728462,2.257696571,0
41.567293,2.257700519,0
41.56730216,2.257704952,0
41.56731167,2.257710134,0
41.56732273,2.257714003,0
41.56733207,2.257717806,0
41.56734047,2.257719906,0
41.56735225,2.257722671,0
41.56736163,2.2577246,0
41.56736894,2.257725458,0
41.56737723,2.257726855,0
41.56738521,2.257726296,0
41.56739252,2.257727244,0
41.56740055,2.257727776,0
41.56740858,2.257728653,0
41.56741645,2.257726558,0
41.56742631,2.257725657,0
41.56743712,2.257723304,0
41.56744518,2.257722145,0
41.56745482,2.257721541,0
41.56746491,2.257718563,0
41.56747294,2.257716762,0
41.56748022,2.257713745,0
41.56748694,2.257711991,0
41.56749264,2.257708982,0
41.56749935,2.257707134,0
41.56750424,2.257704775,0
41.56751152,2.257701497,0
41.56751696,2.257697741,0
41.56752183,2.257695126,0
41.56752493,2.257693029,0
41.56753171,2.257690162,0
41.56753718,2.25768689,0
41.5675421,2.257684138,0
41.56754558,2.257680829,0
41.56755504,2.25767623,0
41.567561,2.257671245,0
41.56756679,2.257666345,0
41.5675719,2.257662344,0
41.56757683,2.257657891,0
41.56758265,2.257654094,0
41.56758653,2.25765056,0
41.56759442,2.25764418,0
41.56760054,2.257638107,0
41.56760502,2.257631362,0
41.5676119,2.257624291,0
41.56761841,2.257619091,0
41.56762326,2.257611046,0
41.56762881,2.257602837,0
41.56763367,2.257595438,0
41.56763892,2.257588691,0
41.56764484,2.257580538,0
41.56765151,2.257571537,0
41.5676564,2.257561249,0
41.56766123,2.257552353,0
41.56766794,2.257541614,0
41.56767178,2.257526777,0
41.56767847,2.257514257,0
41.56768443,2.257498362,0
41.56769401,2.257473631,0
41.56770849,2.257448364,0
41.5677199,2.257421794,0
41.56773417,2.257392272,0
41.56774291,2.257368012,0
41.56775716,2.257335931,0
41.56776847,2.257312246,0
41.56778077,2.257285743,0
41.56779362,2.257258151,0
41.56780486,2.257234653,0
41.56781655,2.257214979,0
41.56782977,2.257192228,0
41.56784089,2.257172639,0
41.56785038,2.257155799,0
41.56785999,2.257134848,0
41.56787346,2.257115537,0
41.56788374,2.257097778,0
41.56790127,2.257074825,0
41.56791717,2.257052115,0
41.56792855,2.257036746,0
41.56794428,2.257022085,0
41.5679557,2.257003103,0
41.56797027,2.256985461,0
41.5679875,2.256967098,0
41.56800675,2.256950979,0
41.56802416,2.256935717,0
41.56803826,2.256917673,0
41.56805816,2.256902957,0
41.56807158,2.256887407,0
41.56807197,2.256886228,0
41.56808451,2.256873497,0
41.56810307,2.256863287,0
41.56811584,2.256854529,0
41.56813429,2.256846449,0
41.56815264,2.256832143,0
41.56817408,2.256816,0
41.56819558,2.256802831,0
41.56821837,2.256792945,0
41.56823752,2.256781619,0
41.56825821,2.256769579,0
41.56828501,2.256755676,0
41.56829804,2.256747091,0
41.56832072,2.256735345,0
41.56834613,2.256722596,0
41.5683674,2.256714377,0
41.56838228,2.256702903,0
41.56839455,2.256695841,0
41.56840881,2.25668871,0
41.56842429,2.256680059,0
41.56843485,2.25667161,0
41.5684486,2.256666997,0
41.56846408,2.256657106,0
41.5684642,2.256656745,0
41.56847812,2.256649461,0
41.56848776,2.256643212,0
41.5684962,2.256638661,0
41.56850634,2.256632754,0
41.56851504,2.25662951,0
41.56852588,2.25662269,0
41.56853639,2.256615091,0
41.56854945,2.25660814,0
41.56856288,2.256601535,0
41.56857322,2.256596273,0
41.5685847,2.256589382,0
41.56859769,2.2565815,0
41.56860736,2.256578041,0
41.56861507,2.256572602,0
41.5686248,2.256567714,0
41.56863859,2.256559493,0
41.56863897,2.256559132,0
41.56864952,2.25655356,0
41.56866992,2.256542658,0
41.56869545,2.256528071,0
41.56871685,2.256516479,0
41.56873843,2.256503797,0
41.56875912,2.256489932,0
41.56877262,2.256480341,0
41.56879249,2.256470023,0
41.56880923,2.256462571,0
41.56882379,2.256452355,0
41.56884411,2.256441925,0
41.56886168,2.256431578,0
41.56887735,2.256421903,0
41.5688899,2.256413405,0
41.56894064,2.256385566,0
41.56896252,2.25637538,0
41.56898023,2.256364658,0
41.56900061,2.256351506,0
41.56902631,2.256340224,0
41.56904966,2.256325112,0
41.56906893,2.25631451,0
41.56908548,2.256305861,0
41.56910257,2.256297247,0
41.56912594,2.256283599,0
41.56914846,2.256268845,0
41.56917011,2.256258203,0
41.56917141,2.256257486,0
41.56918734,2.256246551,0
41.56920895,2.256234389,0
41.56922471,2.256225423,0
41.56924419,2.256215998,0
41.5692609,2.256207273,0
41.56928089,2.256193909,0
41.56930603,2.256181487,0
41.56932913,2.256167986,0
41.56935453,2.256155181,0
41.56936683,2.256143649,0
41.56938767,2.2561313,0
41.56940586,2.256122144,0
41.56942144,2.256113693,0
41.56943969,2.256101025,0
41.56945871,2.256093483,0
41.56947191,2.256084614,0
41.56948568,2.256078376,0
41.56949985,2.256065692,0
41.56951623,2.256060834,0
41.56951723,2.256060069,0
41.56952915,2.256052276,0
41.56954664,2.256041591,0
41.56956218,2.256031208,0
41.56958552,2.256017792,0
41.56960662,2.256005056,0
41.56962562,2.255990696,0
41.56964301,2.255985937,0
41.56966095,2.255975381,0
41.56967698,2.255965619,0
41.56969324,2.255958504,0
41.56970969,2.255951401,0
41.5697228,2.255945049,0
41.56973907,2.255938903,0
41.56975464,2.255935884,0
41.56976745,2.255930208,0
41.56978694,2.255925908,0
41.56980332,2.255919255,0
41.56982376,2.255915061,0
41.56984009,2.255910471,0
41.56985637,2.255908813,0
41.5698748,2.255906483,0
41.56989389,2.255904517,0
41.56991363,2.255902983,0
41.56993119,2.255901288,0
41.5699461,2.25590103,0
41.56996636,2.25590274,0
41.56998196,2.255902964,0
41.56999511,2.25590328,0
41.57000897,2.255905016,0
41.57002396,2.255907639,0
41.57003624,2.255909098,0
41.57004792,2.255910478,0
41.57006325,2.255912332,0
41.57007471,2.255915265,0
41.57008836,2.25591733,0
41.57009839,2.255919461,0
41.5701085,2.255921633,0
41.57011546,2.255925737,0
41.57013438,2.255928779,0
41.57015917,2.255936857,0
41.57017552,2.255942675,0
41.57019573,2.25594918,0
41.57021132,2.255956083,0
41.57022526,2.255962341,0
41.57023646,2.255966931,0
41.57024843,2.255973049,0
41.57025946,2.255980017,0
41.57027398,2.255987454,0
41.57028691,2.255994837,0
41.57029894,2.256002388,0
41.57030861,2.256007314,0
41.57031909,2.256014133,0
41.57032874,2.256020008,0
41.57034003,2.256028481,0
41.57035262,2.256036607,0
41.57036035,2.256042578,0
41.57036874,2.256049158,0
41.57037736,2.256056661,0
41.57038672,2.256062714,0
41.57039492,2.256069297,0
41.57040515,2.256078136,0
41.5704159,2.25608729,0
41.57042526,2.256094942,0
41.57043302,2.25610157,0
41.57044135,2.256108578,0
41.57045041,2.256116386,0
41.57045612,2.25612291,0
41.57046292,2.256127851,0
41.57046812,2.256135178,0
41.57047534,2.256140292,0
41.5704815,2.256147024,0
41.57048601,2.256154126,0
41.57049966,2.256168466,0
41.57051257,2.256181302,0
41.57051965,2.256190889,0
41.57053127,2.256203072,0
41.57053933,2.256212902,0
41.57054708,2.256222929,0
41.57055243,2.256231402,0
41.57055921,2.256240554,0
41.57056904,2.256252242,0
41.57057898,2.256266739,0
41.57058867,2.256279718,0
41.57059475,2.256290034,0
41.57060442,2.256300959,0
41.57061219,2.256313431,0
41.57061869,2.25632497,0
41.57062857,2.256340704,0
41.5706366,2.256353404,0
41.57064345,2.256363604,0
41.57065251,2.256378319,0
41.57065682,2.25638811,0
41.57066386,2.256399695,0
41.57067246,2.256415762,0
41.57067884,2.256426235,0
41.5706828,2.256437531,0
41.5706885,2.256451263,0
41.57069551,2.256463044,0
41.57069814,2.256471381,0
41.57070352,2.256479306,0
41.57070638,2.25648852,0
41.57071095,2.256497062,0
41.57071574,2.25650505,0
41.57072491,2.256526374,0
41.57073278,2.256544277,0
41.57074026,2.256563907,0
41.5707455,2.256572347,0
41.57074952,2.256581602,0
41.57075314,2.256591887,0
41.57075854,2.256603087,0
41.57076288,2.256615687,0
41.57076665,2.256625285,0
41.57076851,2.256633036,0
41.57077262,2.256640426,0
41.5707751,2.256649233,0
41.57077808,2.256656701,0
41.57078155,2.256665459,0
41.57078435,2.256671752,0
41.57078714,2.256679916,0
41.57078864,2.256686144,0
41.57079138,2.256698118,0
41.57079656,2.256707457,0
41.5708048,2.256726079,0
41.57081095,2.256745569,0
41.57081725,2.256765264,0
41.57082671,2.256785142,0
41.5708343,2.256804678,0
41.57084099,2.256822592,0
41.57084821,2.256841745,0
41.57085219,2.256857107,0
41.57085846,2.256875048,0
41.57086567,2.256888337,0
41.57087274,2.25690806,0
41.57087747,2.256920625,0
41.57088047,2.256931792,0
41.57088424,2.25694163,0
41.5708867,2.256950976,0
41.57089224,2.256961785,0
41.57089872,2.256975866,0
41.57090386,2.256990904,0
41.57091842,2.257026232,0
41.57092883,2.25705373,0
41.57093789,2.257073758,0
41.57094261,2.257084825,0
41.57094861,2.257103431,0
41.5709576,2.257120513,0
41.5709625,2.257137171,0
41.57096697,2.25715306,0
41.57097122,2.257167984,0
41.57098056,2.257188664,0
41.57098819,2.257206789,0
41.57099641,2.25722258,0
41.57100216,2.25723902,0
41.57100723,2.257256848,0
41.571016,2.257275498,0
41.57102232,2.257291213,0
41.5710288,2.257311325,0
41.57103512,2.257324331,0
41.57104106,2.257341577,0
41.57104972,2.257359405,0
41.57105673,2.257375691,0
41.5710615,2.257391488,0
41.57106979,2.257410777,0
41.57107728,2.257428504,0
41.57108268,2.25744469,0
41.57108863,2.257462256,0
41.57109603,2.257478865,0
41.57110103,2.257496709,0
41.57110912,2.257514835,0
41.57111376,2.257529193,0
41.57111986,2.257548257,0
41.57112656,2.257562993,0
41.57113431,2.257581882,0
41.57113965,2.257598573,0
41.57114633,2.257616311,0
41.57115466,2.257632012,0
41.57116216,2.257653913,0
41.57116395,2.25766853,0
41.57117618,2.25769076,0
41.57118708,2.257718916,0
41.57119302,2.257735076,0
41.57120161,2.257753119,0
41.57120712,2.257767269,0
41.57121522,2.257787678,0
41.57122223,2.257805103,0
41.57122717,2.257823614,0
41.57123239,2.257838845,0
41.57124071,2.257855099,0
41.57124553,2.257871016,0
41.57125833,2.257907601,0
41.57126587,2.257932769,0
41.57127627,2.257951275,0
41.57128311,2.257970736,0
41.57128622,2.257985376,0
41.57129207,2.257998846,0
41.57129838,2.258015722,0
41.57130212,2.258030602,0
41.57131158,2.258072068,0
41.57133259,2.258120486,0
41.57135033,2.258165018,0
41.57136981,2.258208099,0
41.57138147,2.258243,0
41.5713969,2.25828089,0
41.57141263,2.258324758,0
41.57141941,2.258346029,0
41.57143969,2.258389712,0
41.57145737,2.258431777,0
41.57146354,2.258470895,0
41.57148606,2.258515545,0
41.57150214,2.258559523,0
41.5715207,2.258604563,0
41.57153674,2.258645836,0
41.57155054,2.258687097,0
41.5715652,2.258727392,0
41.57158054,2.258764359,0
41.57159275,2.25879395,0
41.57160511,2.258831939,0
41.57162062,2.258868004,0
41.57163475,2.258902702,0
41.57165832,2.258967346,0
41.57168039,2.259028712,0
41.57169705,2.259078291,0
41.5717184,2.259128969,0
41.57174008,2.25917985,0
41.57175782,2.259231449,0
41.57177545,2.25927162,0
41.57178864,2.259307217,0
41.57180284,2.259343975,0
41.57181964,2.259388884,0
41.57183171,2.259420853,0
41.57184743,2.259456455,0
41.5718564,2.25948358,0
41.57186441,2.259502485,0
41.57187515,2.259534732,0
41.57188451,2.259560301,0
41.57190066,2.259593407,0
41.57190825,2.259624493,0
41.57191851,2.259650738,0
41.57192857,2.259675854,0
41.57193749,2.259700782,0
41.57195071,2.259729382,0
41.57195383,2.25975009,0
41.57200565,2.259879401,0
41.57202282,2.25991637,0
41.5720343,2.259950212,0
41.57204743,2.259982964,0
41.5720609,2.260018679,0
41.57207492,2.260059483,0
41.57208578,2.26008668,0
41.5720977,2.260118918,0
41.57211486,2.260167965,0
41.57213234,2.260210699,0
41.57214742,2.260252465,0
41.57216894,2.260299992,0
41.57218244,2.260344863,0
41.57220275,2.2603947,0
41.57222225,2.260443185,0
41.57224349,2.260496444,0
41.57225611,2.260544706,0
41.57227316,2.26057773,0
41.57228847,2.260612987,0
41.57230434,2.260652915,0
41.57231934,2.260690998,0
41.57233444,2.260730016,0
41.57234589,2.260766911,0
41.57236272,2.260803275,0
41.57238533,2.260864138,0
41.57240308,2.260901727,0
41.57241637,2.260943258,0
41.57243326,2.260980036,0
41.57245108,2.261022293,0
41.57246726,2.261058043,0
41.57248422,2.261100858,0
41.57250096,2.261141484,0
41.57251214,2.26117214,0
41.57252818,2.26120838,0
41.57254331,2.261237419,0
41.5725699,2.261301752,0
41.57258132,2.261333707,0
41.57259401,2.261361458,0
41.57260814,2.261391098,0
41.5726179,2.26142017,0
41.57262401,2.261444612,0
41.57263106,2.261466011,0
41.5726422,2.261488615,0
41.57265165,2.261512049,0
41.57266394,2.261536387,0
41.57267319,2.261558895,0
41.57268095,2.261580006,0
41.57268811,2.261594624,0
41.57269278,2.26160799,0
41.57269776,2.261620726,0
41.57270444,2.261633384,0
41.57271116,2.261652393,0
41.57271758,2.261666849,0
41.57272266,2.261680636,0
41.57272836,2.261692831,0
41.5727333,2.261703789,0
41.57274041,2.261719463,0
41.57274714,2.261735611,0
41.57275296,2.261748368,0
41.57276211,2.26176415,0
41.57276906,2.261778962,0
41.57277615,2.261790834,0
41.57278264,2.261800572,0
41.57278747,2.261807191,0
41.57279094,2.261812899,0
41.57279502,2.261820598,0
41.57280172,2.261826154,0
41.57280606,2.261833226,0
41.57281299,2.261839292,0
41.57281705,2.2618445,0
41.57282278,2.261851403,0
41.57283056,2.261858531,0
41.57283663,2.261863076,0
41.57284332,2.261867609,0
41.57285081,2.261871845,0
41.57285668,2.261875995,0
41.57286344,2.261879862,0
41.57287043,2.261883337,0
41.57287645,2.261886585,0
41.57288446,2.261890001,0
41.57289197,2.261892991,0
41.57289749,2.261894528,0
41.57290545,2.261898052,0
41.57291423,2.261899968,0
41.57292095,2.261902326,0
41.57292732,2.261902155,0
41.57293511,2.261903888,0
41.57294108,2.261903505,0
41.57294976,2.261904696,0
41.57295608,2.261903506,0
41.57296562,2.261903923,0
41.57297733,2.26190218,0
41.57298576,2.26190096,0
41.57299373,2.261899733,0
41.57300219,2.261897673,0
41.57300903,2.261895484,0
41.57301497,2.26189362,0
41.57302337,2.261892178,0
41.57302958,2.261887359,0
41.57303785,2.261883632,0
41.57304232,2.261879718,0
41.57304999,2.261876184,0
41.5730563,2.261871646,0
41.57306298,2.261866461,0
41.57306814,2.261862593,0
41.57307431,2.261857049,0
41.57308168,2.261852902,0
41.57308842,2.261846534,0
41.57309255,2.261840977,0
41.57309839,2.261834716,0
41.57310461,2.261827694,0
41.57310942,2.261820982,0
41.57311357,2.26181656,0
41.57312014,2.261807554,0
41.57312567,2.261800047,0
41.57313076,2.261792304,0
41.57313579,2.261785605,0
41.57314095,2.261776481,0
41.57315233,2.261765054,0
41.57316366,2.261745712,0
41.57317698,2.261727732,0
41.57318647,2.261705043,0
41.57319617,2.261683956,0
41.57320677,2.261662779,0
41.57321807,2.261635878,0
41.57323045,2.26161297,0
41.57323891,2.261592166,0
41.57323976,2.26158871,0
41.57324504,2.261567412,0
41.57324546,2.261565686,0
41.57325277,2.261537048,0
41.57326164,2.261513862,0
41.57327089,2.261487917,0
41.57327583,2.261471342,0
41.57327945,2.26144413,0
41.57328888,2.261413511,0
41.57329355,2.261392919,0
41.57329922,2.261369694,0
41.5732997,2.261342833,0
41.57330665,2.261315782,0
41.57331269,2.261296417,0
41.57331677,2.261273113,0
41.5733194,2.261245666,0
41.57332209,2.261215558,0
41.57332672,2.261190928,0
41.57332905,2.261165067,0
41.57332773,2.261126351,0
41.57332502,2.261095726,0
41.57332936,2.261063576,0
41.57333006,2.261032225,0
41.57332936,2.261005147,0
41.57332647,2.260974465,0
41.57332798,2.260952042,0
41.57332104,2.26093339,0
41.57331889,2.26091129,0
41.57331906,2.260896397,0
41.57331925,2.260883381,0
41.57331647,2.260874812,0
41.57331332,2.260854065,0
41.57330854,2.260826633,0
41.57330486,2.260801493,0
41.57330286,2.260788518,0
41.57329919,2.260771012,0
41.57329905,2.260769525,0
41.57329601,2.26075532,0
41.57329148,2.26072524,0
41.5732836,2.260702237,0
41.57327536,2.260672946,0
41.57326321,2.260645756,0
41.57325166,2.260613492,0
41.57324312,2.260584328,0
41.57322885,2.260559133,0
41.57321457,2.26052241,0
41.57320173,2.260492859,0
41.5731883,2.260460375,0
41.57317147,2.260426809,0
41.57315407,2.260391512,0
41.57312327,2.26034029,0
41.57311918,2.260334262,0
41.57309263,2.260283603,0
41.5730624,2.260232768,0
41.57305023,2.260215001,0
41.57304177,2.260201596,0
41.57303296,2.260185766,0
41.57302138,2.260167364,0
41.57301194,2.26014908,0
41.57299862,2.260133063,0
41.57298528,2.260112352,0
41.57297227,2.260088173,0
41.57295433,2.260060402,0
41.5729394,2.260036652,0
41.57292393,2.260010288,0
41.57291172,2.259986203,0
41.57290197,2.259959345,0
41.57288689,2.259930667,0
41.57287232,2.259897824,0
41.57285904,2.259861048,0
41.57284973,2.259836508,0
41.57284795,2.259809662,0
41.5728386,2.259779265,0
41.57283784,2.259754968,0
41.57283471,2.259729803,0
41.57282646,2.259701348,0
41.5728221,2.259671328,0
41.5728166,2.259634831,0
41.57281699,2.259617794,0
41.57281594,2.259601055,0
41.57281743,2.259579653,0
41.57282048,2.259556322,0
41.57281939,2.259534562,0
41.57281904,2.259512794,0
41.57281967,2.259487346,0
41.5728205,2.259463248,0
41.57282299,2.259442689,0
41.57282564,2.259425996,0
41.57282722,2.259408787,0
41.57283313,2.259388837,0
41.5728379,2.259374676,0
41.57284304,2.259348944,0
41.5728477,2.259324511,0
41.572853,2.259308455,0
41.57285694,2.25929237,0
41.5728609,2.259275491,0
41.57287054,2.259258278,0
41.57287249,2.259238696,0
41.57287848,2.259220234,0
41.57288558,2.259203433,0
41.57289288,2.259186152,0
41.57290237,2.259165083,0
41.5729138,2.259149892,0
41.5729243,2.259128768,0
41.57293293,2.259111281,0
41.5729429,2.259094394,0
41.5729513,2.25907642,0
41.57296421,2.25905846,0
41.57297313,2.25904258,0
41.57298306,2.259026487,0
41.57299289,2.259010709,0
41.57300534,2.258999167,0
41.57301676,2.258984684,0
41.57302516,2.25897515,0
41.57303324,2.258968717,0
41.57304005,2.258959741,0
41.57304608,2.258953391,0
41.57305354,2.25894597,0
41.57306221,2.258940195,0
41.57307182,2.258931564,0
41.57308013,2.25892531,0
41.57308718,2.258917384,0
41.57309488,2.25890874,0
41.57310258,2.258901675,0
41.57311116,2.258897101,0
41.57312021,2.258891833,0
41.57312922,2.258886477,0
41.57312976,2.258886395,0
41.57314092,2.258879963,0
41.57315032,2.258874057,0
41.57315774,2.258869994,0
41.57316414,2.258865446,0
41.57317111,2.258861123,0
41.57318012,2.258856395,0
41.57319009,2.25885092,0
41.57320008,2.258847163,0
41.57321053,2.258842148,0
41.57322177,2.258836306,0
41.5732327,2.258830937,0
41.57324744,2.258829739,0
41.57325818,2.258827086,0
41.57325863,2.258826553,0
41.57326871,2.25882191,0
41.57328262,2.258816473,0
41.57329685,2.258813789,0
41.57330963,2.258812863,0
41.57332216,2.258809085,0
41.5733331,2.258809154,0
41.57334723,2.258806601,0
41.57335838,2.25880629,0
41.5733689,2.258805996,0
41.57338013,2.258804982,0
41.57339092,2.258803898,0
41.57340241,2.258805787,0
41.57341303,2.258804999,0
41.57342431,2.25880601,0
41.57343221,2.258805836,0
41.57344151,2.258808343,0
41.57345066,2.258808792,0
41.5734569,2.258810764,0
41.57346967,2.258813233,0
41.57348202,2.258815146,0
41.57349067,2.258816601,0
41.57350062,2.258819456,0
41.57351105,2.258822278,0
41.57352232,2.258825584,0
41.57353466,2.258828857,0
41.57354457,2.258832684,0
41.57355545,2.258837966,0
41.57356727,2.258844632,0
41.57357619,2.25884777,0
41.57358647,2.258851917,0
41.57359986,2.258859952,0
41.57361546,2.258869027,0
41.57362956,2.258875462,0
41.57364009,2.258882638,0
41.57364996,2.258888531,0
41.57366392,2.258896448,0
41.57367504,2.258905179,0
41.57368913,2.258914438,0
41.57369661,2.258923287,0
41.57370514,2.258931891,0
41.57371498,2.258941079,0
41.57372323,2.258948334,0
41.57373108,2.258958812,0
41.57373829,2.25896458,0
41.57374685,2.258971272,0
41.57375201,2.258979758,0
41.57376402,2.258990658,0
41.57376785,2.258994423,0
41.57377323,2.25900034,0
41.57377555,2.259005321,0
41.57378137,2.259012308,0
41.57378753,2.259021678,0
41.57379185,2.259027685,0
41.57379801,2.259036366,0
41.57380205,2.259043608,0
41.57380918,2.259051403,0
41.57381168,2.259058322,0
41.57381824,2.259065545,0
41.57382433,2.259079165,0
41.57383304,2.259093489,0
41.57384553,2.259109453,0
41.57385356,2.259124788,0
41.57386374,2.259140127,0
41.57387314,2.259154491,0
41.57388142,2.25916786,0
41.57388992,2.259184454,0
41.57390028,2.259197448,0
41.57390893,2.259211817,0
41.57391845,2.259228675,0
41.57392633,2.259241554,0
41.57393529,2.259256569,0
41.57394532,2.259271545,0
41.57395476,2.25928645,0
41.57396479,2.259303848,0
41.57397351,2.259319229,0
41.57398207,2.259331074,0
41.57399084,2.259345195,0
41.57399971,2.259362614,0
41.57400979,2.259376219,0
41.57401921,2.259391107,0
41.57402797,2.259407173,0
41.57403769,2.259420447,0
41.57404785,2.259436642,0
41.57405571,2.259450141,0
41.57406585,2.259465972,0
41.57407393,2.259479634,0
41.57408379,2.259494929,0
41.57409288,2.259510425,0
41.57410051,2.259526028,0
41.57410949,2.259539456,0
41.57411986,2.259556179,0
41.57412829,2.259571532,0
41.57413806,2.259585817,0
41.5741474,2.259599483,0
41.57415622,2.259615573,0
41.57416561,2.259628613,0
41.57417604,2.259646123,0
41.57418344,2.259659864,0
41.57419277,2.259672142,0
41.57420355,2.25969051,0
41.57421087,2.259705369,0
41.57421968,2.259717654,0
41.57423119,2.259734495,0
41.574239,2.25974796,0
41.57425056,2.25976434,0
41.57425718,2.259778539,0
41.57426769,2.259794273,0
41.5742752,2.259807967,0
41.57428489,2.259822649,0
41.57429261,2.259837069,0
41.5743037,2.25985253,0
41.57431265,2.25986892,0
41.57432239,2.25988332,0
41.57433008,2.259894841,0
41.57433943,2.259909829,0
41.57434852,2.259923318,0
41.57435851,2.25994058,0
41.5743676,2.259955807,0
41.57437589,2.259968881,0
41.57438552,2.25998278,0
41.57439557,2.260001122,0
41.57440336,2.260013237,0
41.57441323,2.260029048,0
41.57442064,2.260042617,0
41.57443079,2.260059774,0
41.57444232,2.260073968,0
41.57445027,2.260086603,0
41.57445834,2.260102678,0
41.57446843,2.260118024,0
41.57447785,2.26013214,0
41.57448835,2.260147173,0
41.57449542,2.260162031,0
41.57450515,2.260178146,0
41.57451283,2.26019267,0
41.57452446,2.26021347,0
41.57453135,2.260228423,0
41.57454282,2.26024634,0
41.57455323,2.260263051,0
41.57456085,2.260279525,0
41.57456978,2.260291015,0
41.57457645,2.260306888,0
41.57458372,2.260317694,0
41.57459617,2.260333738,0
41.57460086,2.260345039,0
41.5746083,2.260354436,0
41.57461419,2.260366609,0
41.57462029,2.260376701,0
41.57462821,2.26038836,0
41.57463238,2.260396572,0
41.57464113,2.260406695,0
41.57464596,2.260417092,0
41.57464962,2.260424436,0
41.5746571,2.260437048,0
41.57465671,2.260438373,0
41.57466515,2.260454152,0
41.57467095,2.260471704,0
41.5746806,2.260482545,0
41.57469051,2.260503756,0
41.57469641,2.260515357,0
41.5747011,2.26052616,0
41.57470426,2.260536799,0
41.57470964,2.260548342,0
41.57471554,2.260561329,0
41.57472075,2.260573093,0
41.57472738,2.260595099,0
41.57473392,2.260612172,0
41.5747402,2.260628195,0
41.5747401,2.260628529,0
41.57474878,2.260651342,0
41.57475226,2.260676399,0
41.57475637,2.260693718,0
41.57476223,2.26071318,0
41.57476614,2.260729062,0
41.57477411,2.260747847,0
41.57477553,2.260762534,0
41.57478075,2.260778865,0
41.57478496,2.260796261,0
41.57478532,2.260812785,0
41.5747883,2.260829551,0
41.57479155,2.26085491,0
41.57479447,2.260880886,0
41.57480168,2.260908837,0
41.57480596,2.260942671,0
41.57480692,2.260970297,0
41.57480741,2.261002377,0
41.57481081,2.261037378,0
41.57481226,2.261063708,0
41.57480815,2.261088204,0
41.57480682,2.261116858,0
41.57480602,2.261142402,0
41.57480596,2.261169666,0
41.57480529,2.261202155,0
41.57480342,2.261230938,0
41.57479573,2.261260979,0
41.57478908,2.261282342,0
41.57478522,2.261314809,0
41.57477873,2.261339711,0
41.57477478,2.261369114,0
41.57476488,2.261388863,0
41.57476458,2.261414535,0
41.57475701,2.261437913,0
41.57475038,2.261458611,0
41.57474751,2.261472202,0
41.57474229,2.261492646,0
41.57473804,2.261508205,0
41.57473252,2.261523697,0
41.57472699,2.261542073,0
41.5747206,2.261557282,0
41.57471588,2.261574827,0
41.5747079,2.261587387,0
41.57470393,2.261604187,0
41.5746988,2.261617006,0
41.57468748,2.261636224,0
41.57468155,2.261650387,0
41.57467114,2.261668494,0
41.57466572,2.261687351,0
41.57465316,2.261696884,0
41.57463724,2.261721344,0
41.57463098,2.261750176,0
41.57461544,2.261766905,0
41.57460583,2.261792303,0
41.57459502,2.261818939,0
41.5745829,2.261838992,0
41.57457738,2.261849053,0
41.57457199,2.261865265,0
41.57456787,2.261883478,0
41.57455612,2.261901714,0
41.57454731,2.261916085,0
41.57453824,2.261950584,0
41.57452541,2.261973192,0
41.57451629,2.261995174,0
41.57450604,2.262014787,0
41.57449099,2.26203635,0
41.57448153,2.262061992,0
41.57447371,2.262075444,0
41.57446766,2.262092476,0
41.57445678,2.262108662,0
41.57445145,2.262124304,0
41.57444307,2.262145922,0
41.57443543,2.262160706,0
41.57442741,2.262169367,0
41.57441938,2.262190887,0
41.57441343,2.262202133,0
41.57440345,2.262222998,0
41.57439999,2.262239434,0
41.5743918,2.262250533,0
41.57438219,2.262267805,0
41.57436868,2.262284686,0
41.57436123,2.262300438,0
41.57435216,2.262314976,0
41.57434326,2.262331225,0
41.57433655,2.262350685,0
41.57432933,2.262362677,0
41.57431302,2.262394018,0
41.57430256,2.262423891,0
41.57429096,2.262457812,0
41.57427935,2.262482778,0
41.57426787,2.262503486,0
41.57425345,2.262525959,0
41.5742417,2.26254705,0
41.57423031,2.262574262,0
41.57422057,2.262593155,0
41.5742109,2.262611072,0
41.57420585,2.262627958,0
41.57420009,2.262641946,0
41.57419026,2.262663232,0
41.57418054,2.262683615,0
41.57416906,2.262706243,0
41.57415805,2.262725562,0
41.57415067,2.262744567,0
41.57414412,2.262760737,0
41.57413638,2.262779979,0
41.574122,2.262803558,0
41.5741109,2.262823266,0
41.57410016,2.262840715,0
41.57408993,2.262865238,0
41.57407832,2.262895143,0
41.5740647,2.262922212,0
41.57405302,2.262942129,0
41.57404754,2.262961962,0
41.57404235,2.262977749,0
41.57403048,2.262997571,0
41.57402367,2.263014533,0
41.57401643,2.263030596,0
41.57400449,2.263043294,0
41.57400047,2.263064448,0
41.57399611,2.263080709,0
41.57398583,2.263091673,0
41.57397619,2.263109944,0
41.57397274,2.263124053,0
41.57396333,2.263146231,0
41.5739473,2.263163679,0
41.57393089,2.263186122,0
41.57391805,2.263209585,0
41.57390932,2.26323576,0
41.57389703,2.26325622,0
41.57388727,2.263277764,0
41.57387387,2.263301365,0
41.57386068,2.26332497,0
41.57384549,2.263351449,0
41.57383028,2.263373237,0
41.57382165,2.263391663,0
41.57380729,2.263406496,0
41.57379515,2.263424043,0
41.5737784,2.263450755,0
41.57376264,2.263469782,0
41.5737473,2.263482398,0
41.57372894,2.263497225,0
41.57370614,2.263521225,0
41.57368595,2.263549771,0
41.57366601,2.26356599,0
41.57364697,2.263584404,0
41.57362855,2.263596703,0
41.57360511,2.263612341,0
41.57358652,2.263629876,0
41.57357333,2.263643184,0
41.57355223,2.263652292,0
41.5735364,2.263665424,0
41.57351652,2.263669703,0
41.57350234,2.263673859,0
41.57348805,2.263682185,0
41.5734719,2.263691262,0
41.57345832,2.263696588,0
41.57344167,2.263699409,0
41.57342762,2.263711582,0
41.5734106,2.263715136,0
41.57339509,2.263721218,0
41.57338077,2.263723496,0
41.57336775,2.263729533,0
41.57335117,2.263733154,0
41.57333981,2.263738661,0
41.57332724,2.263746116,0
41.57331257,2.263744847,0
41.57329838,2.263746835,0
41.57328566,2.263747272,0
41.57327013,2.263750851,0
41.57325561,2.263750751,0
41.57323813,2.263751658,0
41.57321911,2.263754584,0
41.57320066,2.263755464,0
41.57317833,2.26375241,0
41.57316116,2.263751511,0
41.57314307,2.263747894,0
41.57312389,2.263755866,0
41.57309776,2.263740865,0
41.5730704,2.263738023,0
41.5730504,2.263737252,0
41.57302609,2.263732519,0
41.57300821,2.263729545,0
41.57300081,2.263728932,0
41.57298847,2.263725997,0
41.5729732,2.263722241,0
41.57296122,2.263716249,0
41.57294518,2.26371004,0
41.57293158,2.263701202,0
41.572918,2.263705743,0
41.5729028,2.263694333,0
41.57289221,2.263687925,0
41.57288312,2.2636832,0
41.57286823,2.263678437,0
41.57285694,2.263671234,0
41.57283539,2.263664756,0
41.57281462,2.26364924,0
41.57279457,2.263635413,0
41.57277067,2.263618971,0
41.57273278,2.263586188,0
41.57273134,2.263585807,0
41.57270937,2.26357209,0
41.57268229,2.263548415,0
41.57265709,2.26353209,0
41.5726368,2.26351099,0
41.57261603,2.263495297,0
41.57259527,2.26347797,0
41.57257713,2.263462706,0
41.57255676,2.263447625,0
41.57253559,2.263429827,0
41.57250791,2.26340073,0
41.57248539,2.263381246,0
41.57246477,2.263365193,0
41.57244937,2.263354475,0
41.57242882,2.2633368,0
41.57241215,2.263322429,0
41.57238952,2.263306594,0
41.57236649,2.263283202,0
41.57234525,2.26326801,0
41.57232571,2.263251674,0
41.57230167,2.263229839,0
41.5722873,2.263219086,0
41.57227349,2.263207682,0
41.57226018,2.263196784,0
41.57224691,2.263186863,0
41.57222907,2.263169727,0
41.57220573,2.263151204,0
41.57217835,2.263128918,0
41.57215586,2.263110889,0
41.57212605,2.26308617,0
41.57210364,2.263066037,0
41.57208244,2.26304493,0
41.57205656,2.263023652,0
41.5720332,2.263005424,0
41.57200523,2.262981116,0
41.57197971,2.262962144,0
41.57195575,2.262938735,0
41.57192777,2.262918109,0
41.57190787,2.262900325,0
41.57188153,2.262875384,0
41.57185037,2.26284972,0
41.57182531,2.262829407,0
41.5718018,2.262809603,0
41.57177629,2.262790384,0
41.57175151,2.262767576,0
41.57172244,2.262742392,0
41.57168819,2.262712426,0
41.57165205,2.262680809,0
41.57161967,2.262650072,0
41.571584,2.262618122,0
41.57154301,2.262585352,0
41.57149937,2.262547679,0
41.57146142,2.262518125,0
41.57141464,2.262473157,0
41.57135628,2.26242522,0
41.57129126,2.262372524,0
41.57123093,2.262324569,0
41.57118732,2.262286567,0
41.57114074,2.262246568,0
41.57109127,2.262207648,0
41.57103347,2.262159091,0
41.57098653,2.262115859,0
41.57093103,2.262074173,0
41.57088248,2.26202892,0
41.57083941,2.261994988,0
41.57077856,2.261946793,0
41.57072059,2.261896928,0
41.57064812,2.261829043,0
41.57058782,2.261780933,0
41.57052366,2.261728234,0
41.57044483,2.26166009,0
41.57037145,2.261601437,0
41.57026604,2.261507175,0
41.57012694,2.261396214,0
41.57005241,2.26132849,0
41.57000495,2.261289994,0
41.5699457,2.261239782,0
41.56990168,2.261203482,0
41.56984686,2.261159224,0
41.56979217,2.261115376,0
41.56975388,2.261079582,0
